{"cameraMode":{"drawMode":0,"name":"Shaded","section":"Shading Mode"},"sceneLighting":false,"audioPlay":false,"sceneViewState":{"m_AlwaysRefresh":false,"showFog":true,"showSkybox":false,"showFlares":true,"showImageEffects":true,"showParticleSystems":true,"showVisualEffectGraphs":true,"m_FxEnabled":true},"in2DMode":false,"pivot":{"x":0.009999752044677735,"y":-0.37999987602233889,"z":-0.05746269226074219},"rotation":{"x":0.5044936537742615,"y":-0.08803801983594895,"z":0.05176524445414543,"w":0.8572849035263062},"size":13.919047355651856,"orthographic":false}